,,25 Gun Salute,,
,,2nd Amendment,8107880275718,
,,Addict to Loud,705108538805,
,,Back Street Diva,191970128310,705108512218
,,Batter Up-Fix,8143270160813,
,,Beach Nut,8107880250517,
,,Beach Vibes,705108601462,
,,Booty Chaser,191970114917,
,,Boy Reveal 500g,705108550609,
,,Carlonia Reaper,705108556700,
,,Chactoic Incident,705108555307,
,,Cheers,8107880273219,
,,Cosmic Titan,191970116317,
,,Crazy Exciting on Steroids,8052531317715,
,,Desert at Night,8143270150913,
,,Disco Ball,705108553600,
,,Doomsday Machine,191970113613,
,,Double Scoop,705108555901,
,,Dude,191970119110,
,,eye Candy,8143270157011,
,,F1-Outlaw,191970111619,
,,Fish Tank,705108558100,
,,Flabbergster,705108518708,
,,For Our Flag,191970110810,
,,Girl Reveal 500g,705108550708,
,,In Honor of,8052531338918,
,,Killer Cake,,
,,Loyal To All,191970115013,
,,Make American Great Again,705108550210,
,,Man Cave,705108552702,
,,Masquerade,8107880271116,
,,Meow,027736033485,
,,Neon Streak,191970115716,
,,Operation Hang Time,705108556809,
,,Our Baby Reveal,191970108312,
,,Pandaminoum,705108548408,
,,Party Bus,705108555505,
,,Pit Bull,outspoken1@firuman.com,
,,Poser,805253390119,
,,Pulling g's,191970111817,
,,Purple People Eater,027736010301,
,,Pyro Gal-Fix,,
,,Pyro Tusmnani,705108554201,
,,Rainbow,705108548217,
,,Red Palm,027736042784,
,,Report To Duty,705108557301,
,,Road Rage,705108804764,
,,Road Show,191970101610,
,,Road to America,705108533107,
,,Rowdy Party,705108515905,
,,Salute,,
,,Search and Destroy,191970102013,
,,Side Arm Showdown,8107880271017,
,,Sky Smoker,705108521005,
,,Sling Shot,191970111718,
,,Sniper Fire,027736035816,
,,Sorcerer Stone,191970125418,
,,Swamp Gator,705108539000,
,,Temple of Gods,705108554508,
,,Ticket To Ride,705108556601,
,,To The Moon,705108557707,
,,Trigger Happy,805253154025,
,,Urban Jedi,191970110919,
,,V Day,705108802968,
,,VIP 180,,
,,Warrior's Releam ,191970113811,
,,Winter Ballistic,705108515301,
,,Yin Yang,705108547005,
,,Zero To Hero,705108551507,
